<?xml version="1.0" encoding="UTF-8" standalone="no" ?>
<manifest version="1.1" xmlns:xsi="http://www.w3.org/2001/XMLSchema-instance" xsi:noNamespaceSchemaLocation="ismanifest.xsd">

  <content title="教材タイトル PowerPoint 2003 SP3">
    <entry path="res/index.html">
      <dimensions height="540" width="720"/>
    </entry>
    <items>
      <gradedItem id="slides" maxScore="100" title="Viewed slides" weight="1">
        <passingPercent>100</passingPercent>
      </gradedItem>
    </items>
  </content>

</manifest>
